{"cameraMode":{"drawMode":0,"name":"Shaded","section":"Shading Mode"},"sceneLighting":false,"audioPlay":false,"sceneViewState":{"m_AlwaysRefresh":false,"showFog":true,"showSkybox":false,"showFlares":true,"showImageEffects":true,"showParticleSystems":true,"showVisualEffectGraphs":true,"m_FxEnabled":false},"in2DMode":false,"pivot":{"x":-11.691608428955079,"y":-2.3465840816497804,"z":-6.413444519042969},"rotation":{"x":0.23814010620117188,"y":-0.48444676399230959,"z":0.13892868161201478,"w":0.8302819728851318},"size":30.783893585205079,"orthographic":false}