{"cameraMode":{"drawMode":0,"name":"Shaded","section":"Shading Mode"},"sceneLighting":true,"audioPlay":false,"sceneViewState":{"m_AlwaysRefresh":false,"showFog":true,"showSkybox":false,"showFlares":true,"showImageEffects":true,"showParticleSystems":true,"showVisualEffectGraphs":true,"m_FxEnabled":true},"in2DMode":false,"pivot":{"x":0.17216402292251588,"y":3.533262252807617,"z":-2.525753974914551},"rotation":{"x":-0.13929444551467896,"y":-0.02911178208887577,"z":0.004096865188330412,"w":-0.989815354347229},"size":5.200057029724121,"orthographic":false}