{"cameraMode":{"drawMode":0,"name":"Shaded","section":"Shading Mode"},"sceneLighting":true,"audioPlay":false,"sceneViewState":{"m_AlwaysRefresh":false,"showFog":true,"showSkybox":false,"showFlares":true,"showImageEffects":true,"showParticleSystems":true,"showVisualEffectGraphs":true,"m_FxEnabled":true},"in2DMode":false,"pivot":{"x":-1.5964025259017945,"y":4.4825263023376469,"z":5.599802017211914},"rotation":{"x":0.005686273332685232,"y":0.036588214337825778,"z":0.00020825314277317375,"w":-0.9993163347244263},"size":13.623465538024903,"orthographic":false}