{"cameraMode":{"drawMode":0,"name":"Shaded","section":"Shading Mode"},"sceneLighting":true,"audioPlay":false,"sceneViewState":{"m_AlwaysRefresh":false,"showFog":true,"showSkybox":false,"showFlares":true,"showImageEffects":true,"showParticleSystems":true,"showVisualEffectGraphs":true,"m_FxEnabled":true},"in2DMode":false,"pivot":{"x":0.5814945697784424,"y":1.7675132751464844,"z":0.47693824768066409},"rotation":{"x":-0.259768009185791,"y":-0.013907838612794876,"z":0.003741681342944503,"w":-0.9655645489692688},"size":7.734504222869873,"orthographic":false}