{"cameraMode":{"drawMode":0,"name":"Shaded","section":"Shading Mode"},"sceneLighting":true,"audioPlay":false,"sceneViewState":{"m_AlwaysRefresh":false,"showFog":true,"showSkybox":false,"showFlares":true,"showImageEffects":true,"showParticleSystems":true,"showVisualEffectGraphs":true,"m_FxEnabled":true},"in2DMode":false,"pivot":{"x":-0.2991776466369629,"y":5.809396266937256,"z":4.730268478393555},"rotation":{"x":-0.08333094418048859,"y":0.1435823291540146,"z":-0.012133940123021603,"w":-0.9860503077507019},"size":12.344545364379883,"orthographic":false}