{"cameraMode":{"drawMode":0,"name":"Shaded","section":"Shading Mode"},"sceneLighting":false,"audioPlay":false,"sceneViewState":{"m_AlwaysRefresh":false,"showFog":true,"showSkybox":false,"showFlares":true,"showImageEffects":true,"showParticleSystems":true,"showVisualEffectGraphs":true,"m_FxEnabled":true},"in2DMode":false,"pivot":{"x":-0.12349970638751984,"y":0.4229118525981903,"z":0.15013611316680909},"rotation":{"x":-0.22359682619571687,"y":0.7749983072280884,"z":-0.39057013392448428,"w":-0.44369226694107058},"size":2.5824875831604006,"orthographic":false}