{"cameraMode":{"drawMode":0,"name":"Shaded","section":"Shading Mode"},"sceneLighting":true,"audioPlay":false,"sceneViewState":{"m_AlwaysRefresh":false,"showFog":true,"showSkybox":false,"showFlares":true,"showImageEffects":true,"showParticleSystems":true,"showVisualEffectGraphs":true,"m_FxEnabled":true},"in2DMode":false,"pivot":{"x":1.3295795917510987,"y":3.4249632358551027,"z":-3.3386402130126955},"rotation":{"x":-0.13929444551467896,"y":-0.02911178208887577,"z":0.004096865188330412,"w":-0.989815354347229},"size":5.854209899902344,"orthographic":false}