{"cameraMode":{"drawMode":0,"name":"Shaded","section":"Shading Mode"},"sceneLighting":false,"audioPlay":false,"sceneViewState":{"m_AlwaysRefresh":false,"showFog":true,"showSkybox":false,"showFlares":true,"showImageEffects":true,"showParticleSystems":true,"showVisualEffectGraphs":true,"m_FxEnabled":true},"in2DMode":false,"pivot":{"x":528.260009765625,"y":59.043087005615237,"z":391.70001220703127},"rotation":{"x":-0.05572981759905815,"y":-0.04289574176073074,"z":0.002390923909842968,"w":-0.9975369572639465},"size":1.2297632694244385,"orthographic":false}