{"cameraMode":{"drawMode":0,"name":"Shaded","section":"Shading Mode"},"sceneLighting":false,"audioPlay":false,"sceneViewState":{"m_AlwaysRefresh":false,"showFog":true,"showSkybox":false,"showFlares":true,"showImageEffects":true,"showParticleSystems":true,"showVisualEffectGraphs":true,"m_FxEnabled":true},"in2DMode":false,"pivot":{"x":531.6007080078125,"y":58.290000915527347,"z":393.71234130859377},"rotation":{"x":-0.022802861407399179,"y":0.020018771290779115,"z":-0.0004622827982529998,"w":-0.9995551705360413},"size":4.587059497833252,"orthographic":false}